{
  "DisplayName": "Main",
  "Tooltip": null,
  "HelpLink": null,
  "Color": null,
  "OriginalIconFileName": null,
  "Arguments": [
    {
      "Name": "mail_check_xaml__GetNewestEmailConnections_2_Connection0",
      "DisplayName": "GetNewestEmailConnections_2_Connection",
      "Category": null,
      "Tooltip": "Get Newest Email",
      "Placeholder": null,
      "Widget": "Connection",
      "IsRequired": true,
      "IsPrincipal": true,
      "ArgumentType": 1,
      "DataSourceItems": null
    },
    {
      "Name": "mail_check_xaml__GetNewestEmailConnections_2_Connection0_Property0_Metadata",
      "DisplayName": "Email folder or label",
      "Category": null,
      "Tooltip": "Get Newest Email",
      "Placeholder": null,
      "Widget": null,
      "IsRequired": true,
      "IsPrincipal": true,
      "ArgumentType": 2,
      "DataSourceItems": null
    },
    {
      "Name": "st_exeption",
      "DisplayName": "st_exeption",
      "Category": null,
      "Tooltip": null,
      "Placeholder": null,
      "Widget": null,
      "IsRequired": false,
      "IsPrincipal": true,
      "ArgumentType": 0,
      "DataSourceItems": null
    },
    {
      "Name": "attachment",
      "DisplayName": "attachment",
      "Category": null,
      "Tooltip": null,
      "Placeholder": null,
      "Widget": null,
      "IsRequired": false,
      "IsPrincipal": true,
      "ArgumentType": 0,
      "DataSourceItems": null
    },
    {
      "Name": "retrivedmail",
      "DisplayName": "retrivedmail",
      "Category": null,
      "Tooltip": null,
      "Placeholder": null,
      "Widget": null,
      "IsRequired": false,
      "IsPrincipal": true,
      "ArgumentType": 0,
      "DataSourceItems": null
    }
  ]
}